{"PSO": {"x": [35.0, 4.88, 9.0, 1.0, 1.0, 1.0], "f(x)": 53, "xaxis": [0, 1, 2, 3, 4, 5, 6, 7, 8, 9, 10, 11, 12, 13, 14, 15, 16, 17, 18, 19, 20, 21, 22, 23, 24, 25, 26, 27, 28, 29], "yaxis": [0.0003581047058105469, 0.00022864341735839844, 0.00020813941955566406, 0.00020456314086914062, 0.0002009868621826172, 0.00020122528076171875, 0.000202178955078125, 0.00019979476928710938, 0.00020503997802734375, 0.00020265579223632812, 0.0001995563507080078, 0.00021004676818847656, 0.00020956993103027344, 0.00020956993103027344, 0.0002067089080810547, 0.00020360946655273438, 0.00020933151245117188, 0.00020647048950195312, 0.00020956993103027344, 0.00020742416381835938, 0.00032067298889160156, 0.00021767616271972656, 0.00020503997802734375, 0.00020623207092285156, 0.00020599365234375, 0.00020360946655273438, 0.00020885467529296875, 0.00020837783813476562, 0.0002067089080810547, 0.0002086162567138672], "time": 0.3957836627960205}, "GA": {"x": [35, 4, 4, 1, 1, 1], "f(x)": 53, "xaxis": [0, 1, 2, 3, 4, 5, 6, 7, 8, 9, 10, 11, 12, 13, 14, 15, 16, 17, 18, 19, 20, 21, 22, 23, 24, 25, 26, 27, 28, 29], "yaxis": [0.00072479248046875, 0.0007436275482177734, 0.0006625652313232422, 0.0006582736968994141, 0.0006608963012695312, 0.0006551742553710938, 0.0006535053253173828, 0.0007050037384033203, 0.0006577968597412109, 0.0006558895111083984, 0.000644683837890625, 0.0006453990936279297, 0.0006463527679443359, 0.0006666183471679688, 0.0009288787841796875, 0.0006873607635498047, 0.0006499290466308594, 0.0006504058837890625, 0.0006520748138427734, 0.0006499290466308594, 0.0006458759307861328, 0.0007009506225585938, 0.000659942626953125, 0.0006463527679443359, 0.0006656646728515625, 0.0007021427154541016, 0.0006468296051025391, 0.0006437301635742188, 0.0006422996520996094, 0.0006489753723144531], "time": 0.3872253894805908}, "Equality": true, "maximumIterations": 30}