{"PSO": {"x": [35.0, 3.4, 8.6, 1.0, 1.0, 1.0], "fx": 53, "xaxis": [0, 1, 2, 3, 4, 5, 6, 7, 8, 9, 10, 11, 12, 13, 14, 15, 16, 17, 18, 19, 20, 21, 22, 23, 24, 25, 26, 27, 28, 29], "yaxis": [0.00040984153747558594, 0.0003867149353027344, 0.000530242919921875, 0.0003979206085205078, 0.0003826618194580078, 0.0003807544708251953, 0.0003757476806640625, 0.00037479400634765625, 0.0003752708435058594, 0.0003764629364013672, 0.0003731250762939453, 0.00037026405334472656, 0.00040721893310546875, 0.00039458274841308594, 0.00037670135498046875, 0.00037670135498046875, 0.0003762245178222656, 0.00037169456481933594, 0.00037169456481933594, 0.0003724098205566406, 0.0003783702850341797, 0.0003733634948730469, 0.0003898143768310547, 0.0003802776336669922, 0.00037598609924316406, 0.0003762245178222656, 0.000370025634765625, 0.00037407875061035156, 0.0003731250762939453, 0.00037360191345214844], "time": 0.3967924118041992, "accuracy": 82.0}, "GA": {"x": [35, 2, 7, 1, 1, 1], "fx": 53, "xaxis": [0, 1, 2, 3, 4, 5, 6, 7, 8, 9, 10, 11, 12, 13, 14, 15, 16, 17, 18, 19, 20, 21, 22, 23, 24, 25, 26, 27, 28, 29], "yaxis": [0.0007603168487548828, 0.00066375732421875, 0.0006587505340576172, 0.0006473064422607422, 0.0006577968597412109, 0.0006511211395263672, 0.0006380081176757812, 0.0006487369537353516, 0.0006477832794189453, 0.0006499290466308594, 0.0006504058837890625, 0.0006897449493408203, 0.0006513595581054688, 0.0006508827209472656, 0.0006434917449951172, 0.00064849853515625, 0.0006477832794189453, 0.0006477832794189453, 0.0006303787231445312, 0.0006489753723144531, 0.0006444454193115234, 0.0006363391876220703, 0.0006489753723144531, 0.0006358623504638672, 0.0006468296051025391, 0.0006422996520996094, 0.0006375312805175781, 0.0006425380706787109, 0.0006363391876220703, 0.0006535053253173828], "time": 0.4609839916229248, "accuracy": 82.0}, "Equality": true, "maximumIterations": 30}