{"PSO": {"x": [35.0, 4.6, 9.0, 1.0, 1.0, 1.0], "f(x)": 53.48888888888889, "xaxis": [0, 1, 2, 3, 4, 5, 6, 7, 8, 9, 10, 11, 12, 13, 14, 15, 16, 17, 18, 19, 20, 21, 22, 23, 24, 25, 26, 27, 28, 29], "yaxis": [0.0002465248107910156, 0.00021147727966308594, 0.00020503997802734375, 0.00021147727966308594, 0.0002067089080810547, 0.0002110004425048828, 0.00020956993103027344, 0.00021195411682128906, 0.00020623207092285156, 0.0002071857452392578, 0.00020647048950195312, 0.0002186298370361328, 0.0002033710479736328, 0.00020813941955566406, 0.0002028942108154297, 0.0002048015594482422, 0.00020503997802734375, 0.00020623207092285156, 0.0002071857452392578, 0.0002086162567138672, 0.00020623207092285156, 0.00020623207092285156, 0.00020599365234375, 0.00020360946655273438, 0.00020122528076171875, 0.00020503997802734375, 0.00020599365234375, 0.0003025531768798828, 0.00033164024353027344, 0.0002319812774658203], "time": 0.4103858470916748}, "GA": {"x": [35, 5, 8, 1, 1, 1], "f(x)": 53.375, "xaxis": [0, 1, 2, 3, 4, 5, 6, 7, 8, 9, 10, 11, 12, 13, 14, 15, 16, 17, 18, 19, 20, 21, 22, 23, 24, 25, 26, 27, 28, 29], "yaxis": [0.0006875991821289062, 0.0005993843078613281, 0.0006155967712402344, 0.0005955696105957031, 0.0006034374237060547, 0.0006234645843505859, 0.0005946159362792969, 0.0005984306335449219, 0.0006060600280761719, 0.0006110668182373047, 0.0006062984466552734, 0.000698089599609375, 0.0006864070892333984, 0.0006134510040283203, 0.0006082057952880859, 0.0006055831909179688, 0.0005936622619628906, 0.000614166259765625, 0.0006656646728515625, 0.0005977153778076172, 0.0006048679351806641, 0.0007152557373046875, 0.0006046295166015625, 0.0005850791931152344, 0.0006198883056640625, 0.0006749629974365234, 0.0006060600280761719, 0.00058746337890625, 0.0007042884826660156, 0.0005934238433837891], "time": 0.4114983081817627}, "Equality": true, "maximumIterations": 30}