{
    "PSO": {
        "x": [
            35.0,
            4.4,
            9.0,
            1.0,
            1.0,
            1.0
        ],
        "f_x": 53,
        "x_axis": [
            0,
            1,
            2,
            3,
            4,
            5,
            6,
            7,
            8,
            9,
            10,
            11,
            12,
            13,
            14,
            15,
            16,
            17,
            18,
            19,
            20,
            21,
            22,
            23,
            24
        ],
        "y_axis": [
            0.001104116439819336,
            0.0008597373962402344,
            0.0009264945983886719,
            0.0010004043579101562,
            0.0009870529174804688,
            0.0009083747863769531,
            0.0009350776672363281,
            0.0009608268737792969,
            0.0008521080017089844,
            0.0008704662322998047,
            0.0008380413055419922,
            0.0008146762847900391,
            0.0008182525634765625,
            0.0008215904235839844,
            0.0008108615875244141,
            0.0008256435394287109,
            0.0008196830749511719,
            0.0008170604705810547,
            0.0008602142333984375,
            0.0009350776672363281,
            0.0008819103240966797,
            0.0008206367492675781,
            0.0009288787841796875,
            0.0008776187896728516,
            0.0008356571197509766
        ],
        "time": 0.02638530731201172,
        "accuracy": 82.0
    },
    "GA": {
        "x": [
            34,
            3,
            9,
            1,
            0,
            1
        ],
        "f_x": 52,
        "x_axis": [
            0,
            1,
            2,
            3,
            4,
            5,
            6,
            7,
            8,
            9,
            10,
            11,
            12,
            13,
            14,
            15,
            16,
            17,
            18,
            19,
            20,
            21,
            22,
            23,
            24
        ],
        "y_axis": [
            0.0017611980438232422,
            0.0014240741729736328,
            0.0017521381378173828,
            0.0016393661499023438,
            0.0013799667358398438,
            0.0013871192932128906,
            0.001361846923828125,
            0.0015385150909423828,
            0.0014019012451171875,
            0.0013649463653564453,
            0.0013952255249023438,
            0.0013904571533203125,
            0.0013706684112548828,
            0.0013878345489501953,
            0.00138092041015625,
            0.0013616085052490234,
            0.001352071762084961,
            0.0013604164123535156,
            0.0013718605041503906,
            0.0015339851379394531,
            0.0014064311981201172,
            0.001367330551147461,
            0.0013892650604248047,
            0.001354217529296875,
            0.0013527870178222656
        ],
        "time": 0.039803504943847656,
        "accuracy": 82.0
    },
    "equality": 1,
    "maximum_iterations": 25
}