{"PSO": {"x": [35.0, 3.4, 8.6, 1.0, 1.0, 1.0], "fx": 53, "xaxis": [0, 1, 2, 3, 4, 5, 6, 7, 8, 9, 10, 11, 12, 13, 14, 15, 16, 17, 18, 19, 20, 21, 22, 23, 24, 25, 26, 27, 28, 29], "yaxis": [0.0007326602935791016, 0.0008113384246826172, 0.0006425380706787109, 0.0006310939788818359, 0.0006248950958251953, 0.0006287097930908203, 0.0006253719329833984, 0.0006196498870849609, 0.0006260871887207031, 0.0006151199340820312, 0.0006210803985595703, 0.0006151199340820312, 0.0006327629089355469, 0.0006220340728759766, 0.0006237030029296875, 0.0006146430969238281, 0.0006279945373535156, 0.0006272792816162109, 0.0006208419799804688, 0.0006198883056640625, 0.0006310939788818359, 0.0006279945373535156, 0.0006110668182373047, 0.0006196498870849609, 0.0006234645843505859, 0.0006191730499267578, 0.0006177425384521484, 0.0006628036499023438, 0.0006346702575683594, 0.0006284713745117188], "time": 0.740419864654541, "accuracy": 82.0}, "GA": {"x": [35, 2, 3, 1, 1, 1], "fx": 53, "xaxis": [0, 1, 2, 3, 4, 5, 6, 7, 8, 9, 10, 11, 12, 13, 14, 15, 16, 17, 18, 19, 20, 21, 22, 23, 24, 25, 26, 27, 28, 29], "yaxis": [0.0012433528900146484, 0.0011396408081054688, 0.001130819320678711, 0.0011181831359863281, 0.0011489391326904297, 0.0011289119720458984, 0.001129150390625, 0.0011472702026367188, 0.0011360645294189453, 0.001135110855102539, 0.0011286735534667969, 0.0011246204376220703, 0.0010995864868164062, 0.0011196136474609375, 0.0011239051818847656, 0.0011103153228759766, 0.0011174678802490234, 0.001127481460571289, 0.0011348724365234375, 0.001125335693359375, 0.0011103153228759766, 0.001135110855102539, 0.001132965087890625, 0.0011301040649414062, 0.0011243820190429688, 0.001140594482421875, 0.0010995864868164062, 0.001394033432006836, 0.0012335777282714844, 0.0012156963348388672], "time": 0.6359000205993652, "accuracy": 82.0}, "Equality": true, "maximumIterations": 30}