{"PSO": {"x": [35.0, 5.4, 9.0, 1.0, 1.0, 1.0], "f(x)": 53, "xaxis": [0, 1, 2, 3, 4, 5, 6, 7, 8, 9, 10, 11, 12, 13, 14, 15, 16, 17, 18, 19, 20, 21, 22, 23, 24, 25, 26, 27, 28, 29], "yaxis": [0.00024366378784179688, 0.00020813941955566406, 0.00020170211791992188, 0.00020051002502441406, 0.0003695487976074219, 0.0002396106719970703, 0.00021004676818847656, 0.00020885467529296875, 0.0002086162567138672, 0.00021123886108398438, 0.00020956993103027344, 0.00021958351135253906, 0.00021266937255859375, 0.0002071857452392578, 0.00020837783813476562, 0.00020647048950195312, 0.00020694732666015625, 0.00020503997802734375, 0.0002040863037109375, 0.0002033710479736328, 0.00032830238342285156, 0.0002124309539794922, 0.00020766258239746094, 0.00020456314086914062, 0.0002033710479736328, 0.00020313262939453125, 0.0002086162567138672, 0.00020575523376464844, 0.0002040863037109375, 0.0002079010009765625], "time": 0.3987715244293213}, "GA": {"x": [35, 2, 6, 1, 1, 1], "f(x)": 53, "xaxis": [0, 1, 2, 3, 4, 5, 6, 7, 8, 9, 10, 11, 12, 13, 14, 15, 16, 17, 18, 19, 20, 21, 22, 23, 24, 25, 26, 27, 28, 29], "yaxis": [0.0006349086761474609, 0.0006029605865478516, 0.0006077289581298828, 0.0005724430084228516, 0.0006041526794433594, 0.0005767345428466797, 0.0005736351013183594, 0.0005743503570556641, 0.0005972385406494141, 0.0007729530334472656, 0.0005955696105957031, 0.0005755424499511719, 0.0005877017974853516, 0.0005700588226318359, 0.0005714893341064453, 0.0005831718444824219, 0.0005815029144287109, 0.0005795955657958984, 0.0005900859832763672, 0.0005705356597900391, 0.0005724430084228516, 0.0005822181701660156, 0.0005745887756347656, 0.0005686283111572266, 0.0005862712860107422, 0.0005645751953125, 0.0005693435668945312, 0.0005664825439453125, 0.0005846023559570312, 0.0006105899810791016], "time": 0.39062976837158203}, "Equality": true, "maximumIterations": 30}