{"PSO": {"x": [35, 3, 7, 1, 1, 1], "fx": 53, "xaxis": [0, 1, 2, 3, 4, 5, 6, 7, 8, 9, 10, 11, 12, 13, 14, 15, 16, 17, 18, 19, 20, 21, 22, 23, 24, 25, 26, 27, 28, 29], "yaxis": [0.0007159709930419922, 0.000759124755859375, 0.0007841587066650391, 0.0005240440368652344, 0.0003914833068847656, 0.00037598609924316406, 0.00037741661071777344, 0.0004744529724121094, 0.00037741661071777344, 0.0003712177276611328, 0.0003714561462402344, 0.0003879070281982422, 0.000377655029296875, 0.0003719329833984375, 0.0003731250762939453, 0.00037288665771484375, 0.000370025634765625, 0.00036907196044921875, 0.0003681182861328125, 0.00037360191345214844, 0.000370025634765625, 0.00036835670471191406, 0.0003769397735595703, 0.0003731250762939453, 0.0003695487976074219, 0.00037384033203125, 0.00037360191345214844, 0.0003712177276611328, 0.0003726482391357422, 0.0003719329833984375], "time": 0.3789677619934082, "accuracy": 82.0}, "GA": {"x": [35, 3, 5, 1, 1, 1], "fx": 53, "xaxis": [0, 1, 2, 3, 4, 5, 6, 7, 8, 9, 10, 11, 12, 13, 14, 15, 16, 17, 18, 19, 20, 21, 22, 23, 24, 25, 26, 27, 28, 29], "yaxis": [0.0007042884826660156, 0.0006871223449707031, 0.0006875991821289062, 0.0006456375122070312, 0.0006468296051025391, 0.0006513595581054688, 0.0006375312805175781, 0.0006310939788818359, 0.0006353855133056641, 0.0006301403045654297, 0.0006325244903564453, 0.0006501674652099609, 0.000629425048828125, 0.0006375312805175781, 0.0007126331329345703, 0.0006384849548339844, 0.0006377696990966797, 0.0006756782531738281, 0.0006353855133056641, 0.0006194114685058594, 0.0006387233734130859, 0.0006418228149414062, 0.0006270408630371094, 0.0006396770477294922, 0.0006306171417236328, 0.0006163120269775391, 0.0006871223449707031, 0.0006475448608398438, 0.0006430149078369141, 0.0006482601165771484], "time": 0.3896291255950928, "accuracy": 82.0}, "Equality": true, "maximumIterations": 30}