{"PSO": {"x": [0.0, 4.038235511840434, 1.0, 0.5070087678715731, 0.7023604364816339, 1.0], "f(x)": 39.31372250589951}, "GA": {"x": [20, 1, 6, 1, 0, 0], "f(x)": 38.833333333333336}}