{
    "PSO": {
        "x": [
            35.0,
            4.38,
            8.95,
            1.0,
            1.0,
            1.0
        ],
        "f_x": 53,
        "x_axis": [
            0,
            1,
            2,
            3,
            4,
            5,
            6,
            7,
            8,
            9,
            10,
            11,
            12,
            13,
            14,
            15,
            16,
            17,
            18,
            19,
            20,
            21,
            22,
            23,
            24
        ],
        "y_axis": [
            0.001100778579711914,
            0.0007560253143310547,
            0.0007996559143066406,
            0.0007388591766357422,
            0.0006995201110839844,
            0.0007138252258300781,
            0.0007295608520507812,
            0.0007028579711914062,
            0.0008385181427001953,
            0.0007946491241455078,
            0.0007486343383789062,
            0.0007338523864746094,
            0.0007150173187255859,
            0.0005884170532226562,
            0.0006935596466064453,
            0.0008325576782226562,
            0.0006206035614013672,
            0.0006144046783447266,
            0.0008192062377929688,
            0.0015056133270263672,
            0.0010228157043457031,
            0.0006380081176757812,
            0.0005965232849121094,
            0.0006339550018310547,
            0.0005879402160644531
        ],
        "time": 0.02566695213317871,
        "accuracy": 82.0
    },
    "GA": {
        "x": [
            35,
            3,
            6,
            1,
            1,
            0
        ],
        "f_x": 53,
        "x_axis": [
            0,
            1,
            2,
            3,
            4,
            5,
            6,
            7,
            8,
            9,
            10,
            11,
            12,
            13,
            14,
            15,
            16,
            17,
            18,
            19,
            20,
            21,
            22,
            23,
            24
        ],
        "y_axis": [
            0.001444101333618164,
            0.0013735294342041016,
            0.0009760856628417969,
            0.0012433528900146484,
            0.0012066364288330078,
            0.0009217262268066406,
            0.0008137226104736328,
            0.0008895397186279297,
            0.0008411407470703125,
            0.0007741451263427734,
            0.0007314682006835938,
            0.0007319450378417969,
            0.0008141994476318359,
            0.0007891654968261719,
            0.0007433891296386719,
            0.003929853439331055,
            0.004443168640136719,
            0.0035834312438964844,
            0.002680063247680664,
            0.002488851547241211,
            0.0037412643432617188,
            0.004370212554931641,
            0.004062175750732422,
            0.003320455551147461,
            0.003699064254760742
        ],
        "time": 0.05381417274475098,
        "accuracy": 82.0
    },
    "equality": 1,
    "maximum_iterations": 25
}